{
    "x_min": -0.1301977307621094,
    "x_max": 0.5373979354459291,
    "y_min": -0.46265767383176654,
    "y_max": 0.40840192824563065,
    "z_min": -0.008002821004743144,
    "z_max": 0.017082019015075334,
    "table_height": 0.0065440945513842805
}