{
    "x_min": -0.13184273913424036,
    "x_max": 0.5401387166286202,
    "y_min": -0.46444392010636615,
    "y_max": 0.4097880866684817,
    "z_min": -0.008012497036558264,
    "z_max": 0.023211874417476852,
    "table_height": 0.00842524978743514
}